"Имя счёта";"Номер карты";"Дата операции";"Сумма операции";"Валюта операции";"Сумма в валюте счёта";"Валюта счёта";"Статус";"Категория по-умолчанию";"Ваша категория";"MCC";"Описание";"Сообщение";"Округление";"Сумма операции с округлением";"Бонусы (включая кэшбэк)";"Учёт в аналитике"
"общий";"*1724";"08.09.2026 22:41:24";"-83,00";"RUB";"-83,00";"RUB";"Ок";"Местный транспорт";"";"4111";"Московский метрополитен";"";"0,00";"-83,00";"0,00";"Да"
"общий";"*1724";"08.09.2026 22:01:58";"-1049,94";"RUB";"-1049,94";"RUB";"Ок";"Супермаркеты";"";"5411";"Мираторг";"";"0,00";"-1049,94";"0,00";"Да"
"общий";"*8576";"08.09.2026 21:52:26";"-8000,00";"RUB";"-8000,00";"RUB";"Ок";"Переводы";"Психолог";"";"Екатерина Ш.";"";"0,00";"-8000,00";"0,00";"Да"
"общий";"*1724";"08.09.2026 15:53:40";"-85,00";"RUB";"-85,00";"RUB";"Ок";"Фастфуд";"";"5814";"Pe Edilov Anzor Isaevi";"";"0,00";"-85,00";"0,00";"Да"
"общий";"*1724";"08.09.2026 15:52:51";"-875,60";"RUB";"-875,60";"RUB";"Ок";"Супермаркеты";"";"5411";"ВкусВилл";"";"0,00";"-875,60";"0,00";"Да"
"общий";"*1724";"08.09.2026 15:39:08";"-576,00";"RUB";"-576,00";"RUB";"Ок";"Фастфуд";"Табак";"5814";"IP Unanyan Vg";"";"0,00";"-576,00";"0,00";"Да"
"daily";"*8586";"08.09.2026 12:57:37";"-50000,00";"RUB";"-50000,00";"RUB";"Ок";"Переводы";"";"";"Максим Г.";"";"0,00";"-50000,00";"0,00";"Да"
"daily";"*8586";"08.09.2026 12:40:07";"-20000,00";"RUB";"-20000,00";"RUB";"Ок";"Переводы";"";"";"Себе в другой банк";"";"0,00";"-20000,00";"0,00";"Да"
"общий";"*8576";"08.09.2026 10:06:25";"-3859,00";"RUB";"-3859,00";"RUB";"Ок";"Различные услуги";"";"7277";"Ясно";"";"0,00";"-3859,00";"0,00";"Да"
"общий";"*8576";"08.09.2026 00:39:04";"-16000,00";"RUB";"-16000,00";"RUB";"Ок";"Отели";"";"7011";"YM*pineriver";"";"0,00";"-16000,00";"0,00";"Да"
"Платинум";"*4782";"08.09.2026 00:38:20";"20000,00";"RUB";"20000,00";"RUB";"Ок";"Переводы";"";"";"Между своими счетами";"";"0,00";"20000,00";"0,00";"Нет"
"daily";"*8586";"08.09.2026 00:38:19";"-20000,00";"RUB";"-20000,00";"RUB";"Ок";"Переводы";"";"";"Между своими счетами";"";"0,00";"-20000,00";"0,00";"Нет"
"общий";"*8576";"08.09.2026 00:37:54";"20000,00";"RUB";"20000,00";"RUB";"Ок";"Переводы";"";"";"Между своими счетами";"";"0,00";"20000,00";"0,00";"Нет"
"Платинум";"*4782";"08.09.2026 00:37:53";"-20000,00";"RUB";"-20000,00";"RUB";"Ок";"Переводы";"";"";"Между своими счетами";"";"0,00";"-20000,00";"0,00";"Нет"
"общий";"*8576";"08.09.2026 00:17:44";"-10000,00";"RUB";"-10000,00";"RUB";"Ок";"Переводы";"";"";"Мария С.";"";"0,00";"-10000,00";"0,00";"Да"
"общий";"*1724";"08.09.2026 00:00:14";"-83,00";"RUB";"-83,00";"RUB";"Ок";"Местный транспорт";"";"4111";"Московский метрополитен";"";"0,00";"-83,00";"0,00";"Да"
"общий";"*1724";"07.09.2026 23:46:08";"-580,00";"RUB";"-580,00";"RUB";"Ок";"Супермаркеты";"";"5411";"ВкусВилл";"";"0,00";"-580,00";"0,00";"Да"
"общий";"*8576";"07.09.2026 21:53:18";"-100,00";"RUB";"-100,00";"RUB";"Ок";"Такси";"";"3990";"Яндекс Такси";"";"0,00";"-100,00";"0,00";"Да"
"общий";"*8576";"07.09.2026 21:51:53";"-1061,00";"RUB";"-1061,00";"RUB";"Ок";"Такси";"";"3990";"Яндекс Такси";"";"0,00";"-1061,00";"0,00";"Да"
"общий";"*1724";"07.09.2026 21:36:07";"1067,00";"RUB";"1067,00";"RUB";"Ок";"Такси";"";"3990";"Яндекс Такси";"";"0,00";"1067,00";"0,00";"Нет"
"Платинум";"*4782";"07.09.2026 21:33:40";"20000,00";"RUB";"20000,00";"RUB";"Ок";"Переводы";"";"";"Между своими счетами";"";"0,00";"20000,00";"0,00";"Нет"
"daily";"*8586";"07.09.2026 21:33:39";"-20000,00";"RUB";"-20000,00";"RUB";"Ок";"Переводы";"";"";"Между своими счетами";"";"0,00";"-20000,00";"0,00";"Нет"
"общий";"*1724";"07.09.2026 21:32:56";"-1067,00";"RUB";"-1067,00";"RUB";"Ок";"Такси";"";"3990";"Яндекс Такси";"";"0,00";"-1067,00";"0,00";"Нет"
"общий";"*1724";"07.09.2026 21:02:59";"-83,00";"RUB";"-83,00";"RUB";"Ок";"Местный транспорт";"";"4111";"Московский метрополитен";"";"0,00";"-83,00";"0,00";"Да"
"общий";"*1724";"07.09.2026 20:55:14";"-293,00";"RUB";"-293,00";"RUB";"Ок";"Различные товары";"";"5993";"Tabakoff";"";"0,00";"-293,00";"0,00";"Да"
"общий";"*1724";"07.09.2026 20:20:13";"-660,00";"RUB";"-660,00";"RUB";"Ок";"Фастфуд";"";"5814";"Surf Coffee";"";"0,00";"-660,00";"0,00";"Да"
"общий";"*1724";"07.09.2026 20:15:13";"-39,00";"RUB";"-39,00";"RUB";"Ок";"Самокаты";"";"3990";"Самокаты - Яндекс Go";"";"0,00";"-39,00";"0,00";"Да"
"общий";"*8576";"07.09.2026 20:11:18";"-42,00";"RUB";"-42,00";"RUB";"Ок";"Самокаты";"";"3990";"Самокаты - Яндекс Go";"";"0,00";"-42,00";"0,00";"Да"
"общий";"*8576";"07.09.2026 20:10:55";"20000,00";"RUB";"20000,00";"RUB";"Ок";"Переводы";"";"";"Между своими счетами";"";"0,00";"20000,00";"0,00";"Нет"
"Платинум";"*4782";"07.09.2026 20:10:54";"-20000,00";"RUB";"-20000,00";"RUB";"Ок";"Переводы";"";"";"Между своими счетами";"";"0,00";"-20000,00";"0,00";"Нет"
"общий";"*1724";"07.09.2026 15:28:44";"-100,00";"RUB";"-100,00";"RUB";"Ок";"Госуслуги";"";"8299";"Госуслуги Москвы";"";"0,00";"-100,00";"0,00";"Да"
"daily";"";"07.09.2026 14:09:30";"33000,00";"RUB";"33000,00";"RUB";"Ок";"Переводы";"";"";"Максим Г.";"";"0,00";"33000,00";"0,00";"Да"
"общий";"*4761";"07.09.2026 14:04:16";"-785,00";"RUB";"-785,00";"RUB";"Ок";"Супермаркеты";"";"5411";"ВкусВилл";"";"0,00";"-785,00";"0,00";"Да"
"общий";"*8576";"07.09.2026 12:32:20";"-300,00";"RUB";"-300,00";"RUB";"Ок";"Переводы";"";"";"Анастасия К.";"(Это Маша)";"0,00";"-300,00";"0,00";"Да"
"общий";"*8576";"07.09.2026 12:13:38";"-746,00";"RUB";"-746,00";"RUB";"Ок";"Переводы";"";"";"Мария С.";"Вб";"0,00";"-746,00";"0,00";"Да"
"общий";"*1724";"07.09.2026 11:22:19";"-638,00";"RUB";"-638,00";"RUB";"Ок";"Различные товары";"";"5131";"Ultrateks";"";"0,00";"-638,00";"0,00";"Да"
"общий";"*8576";"07.09.2026 11:18:50";"-530,00";"RUB";"-530,00";"RUB";"Ок";"Переводы";"";"";"Маргарита Ч.";"(Это Маша)";"0,00";"-530,00";"0,00";"Да"
"общий";"*1724";"07.09.2026 08:58:04";"-278,00";"RUB";"-278,00";"RUB";"Ок";"Фастфуд";"";"5814";"Surf Coffee";"";"0,00";"-278,00";"0,00";"Да"
"общий";"*8576";"06.09.2026 22:01:22";"-83,00";"RUB";"-83,00";"RUB";"Ок";"Местный транспорт";"";"4111";"Московский метрополитен";"";"0,00";"-83,00";"0,00";"Да"
"daily";"*8586";"06.09.2026 21:59:38";"-30000,00";"RUB";"-30000,00";"RUB";"Ок";"Переводы";"";"";"Максим Г.";"";"0,00";"-30000,00";"0,00";"Да"
"общий";"*8576";"06.09.2026 21:57:17";"-1030,00";"RUB";"-1030,00";"RUB";"Ок";"Рестораны";"";"5812";"Пять Звезд";"";"0,00";"-1030,00";"0,00";"Да"
"общий";"*8576";"06.09.2026 21:48:07";"-565,00";"RUB";"-565,00";"RUB";"Ок";"Фастфуд";"";"5814";"Surf Coffee";"";"0,00";"-565,00";"0,00";"Да"
"общий";"*1724";"06.09.2026 21:45:33";"-117,00";"RUB";"-117,00";"RUB";"Ок";"Самокаты";"";"3990";"Самокаты - Яндекс Go";"";"0,00";"-117,00";"0,00";"Да"
"общий";"*1724";"06.09.2026 18:17:26";"-130,00";"RUB";"-130,00";"RUB";"Ок";"Самокаты";"";"3990";"Самокаты - Яндекс Go";"";"0,00";"-130,00";"0,00";"Да"
"общий";"*1724";"06.09.2026 18:07:38";"-2093,00";"RUB";"-2093,00";"RUB";"Ок";"Супермаркеты";"";"5921";"SimpleWine";"";"0,00";"-2093,00";"0,00";"Да"
"общий";"*1724";"06.09.2026 17:13:41";"-65,00";"RUB";"-65,00";"RUB";"Ок";"Самокаты";"";"3990";"Самокаты - Яндекс Go";"";"0,00";"-65,00";"0,00";"Да"
"общий";"*1724";"06.09.2026 17:11:08";"-576,00";"RUB";"-576,00";"RUB";"Ок";"Фастфуд";"Табак";"5814";"IP Unanyan Vg";"";"0,00";"-576,00";"0,00";"Да"
"общий";"*1724";"06.09.2026 14:51:27";"-1300,00";"RUB";"-1300,00";"RUB";"Ок";"Развлечения";"";"3990";"Яндекс Афиша";"";"0,00";"-1300,00";"0,00";"Да"
"общий";"*8576";"06.09.2026 14:11:12";"-3090,35";"RUB";"-3090,35";"RUB";"Ок";"Супермаркеты";"";"5411";"Перекрёсток доставка";"";"0,00";"-3090,35";"0,00";"Да"
"daily";"";"06.09.2026 13:59:36";"-1000,00";"RUB";"-1000,00";"RUB";"Ок";"Финансы";"";"6513";"Сеть Hendrix Studio";"";"0,00";"-1000,00";"0,00";"Да"
"общий";"*8576";"06.09.2026 13:58:13";"1,00";"RUB";"1,00";"RUB";"Ок";"Супермаркеты";"";"5411";"Перекрёсток доставка";"";"0,00";"1,00";"0,00";"Нет"
"общий";"*8576";"06.09.2026 13:58:07";"-1,00";"RUB";"-1,00";"RUB";"Ок";"Супермаркеты";"";"5411";"Перекрёсток доставка";"";"0,00";"-1,00";"0,00";"Нет"
"общий";"*8576";"06.09.2026 13:25:14";"-771,00";"RUB";"-771,00";"RUB";"Ок";"Переводы";"";"";"Мария С.";"Вб";"0,00";"-771,00";"0,00";"Да"
"общий";"";"06.09.2026 02:09:07";"-3498,00";"RUB";"-3498,00";"RUB";"Ок";"Красота";"";"5311";"Золотое яблоко";"";"0,00";"-3498,00";"0,00";"Да"
"общий";"*8576";"05.09.2026 23:42:31";"-1011,00";"RUB";"-1011,00";"RUB";"Ок";"Такси";"";"3990";"Яндекс Такси";"";"0,00";"-1011,00";"0,00";"Да"
"общий";"*1724";"05.09.2026 17:52:00";"-330,00";"RUB";"-330,00";"RUB";"Ок";"Фастфуд";"";"5814";"Кафе";"";"0,00";"-330,00";"0,00";"Да"
"общий";"*1724";"05.09.2026 17:48:43";"-3600,00";"RUB";"-3600,00";"RUB";"Ок";"Цветы";"";"5992";"Цветочный магазин";"";"0,00";"-3600,00";"0,00";"Да"
"общий";"*1724";"05.09.2026 17:40:06";"-1947,97";"RUB";"-1947,97";"RUB";"Ок";"Супермаркеты";"";"5921";"Ароматный мир";"";"0,00";"-1947,97";"0,00";"Да"
"общий";"*1724";"05.09.2026 17:22:02";"-83,00";"RUB";"-83,00";"RUB";"Ок";"Местный транспорт";"";"4111";"Московский метрополитен";"";"0,00";"-83,00";"0,00";"Да"
"общий";"*8576";"05.09.2026 01:10:13";"-83,00";"RUB";"-83,00";"RUB";"Ок";"Местный транспорт";"";"4111";"Московский метрополитен";"";"0,00";"-83,00";"0,00";"Да"
"общий";"*8576";"05.09.2026 01:10:13";"-83,00";"RUB";"-83,00";"RUB";"Ок";"Местный транспорт";"";"4111";"Московский метрополитен";"";"0,00";"-83,00";"0,00";"Да"
"общий";"";"04.09.2026 22:10:37";"-199,00";"RUB";"-199,00";"RUB";"Ок";"Фастфуд";"";"5814";"Го!поедим";"";"0,00";"-199,00";"0,00";"Да"
"общий";"*1724";"04.09.2026 21:12:28";"-1997,50";"RUB";"-1997,50";"RUB";"Ок";"Аптеки";"";"5912";"Cеть аптек Мир лекарств";"";"0,00";"-1997,50";"0,00";"Да"
"daily";"";"04.09.2026 18:54:29";"-15000,00";"RUB";"-15000,00";"RUB";"Ок";"Ювелирные изделия и часы";"";"5944";"AVGVST";"";"0,00";"-15000,00";"0,00";"Да"
"общий";"*1724";"04.09.2026 17:03:32";"-249,98";"RUB";"-249,98";"RUB";"Ок";"Супермаркеты";"";"5411";"Пятёрочка";"";"0,00";"-249,98";"0,00";"Да"
"Платинум";"*4782";"04.09.2026 16:31:06";"59200,00";"RUB";"59200,00";"RUB";"Ок";"Переводы";"";"";"Между своими счетами";"";"0,00";"59200,00";"0,00";"Нет"
"daily";"*8586";"04.09.2026 16:31:05";"-59200,00";"RUB";"-59200,00";"RUB";"Ок";"Переводы";"";"";"Между своими счетами";"";"0,00";"-59200,00";"0,00";"Нет"
"общий";"*1724";"04.09.2026 16:17:37";"-2326,00";"RUB";"-2326,00";"RUB";"Ок";"Фастфуд";"Табак";"5814";"IP Unanyan Vg";"";"0,00";"-2326,00";"0,00";"Да"
"общий";"*1724";"04.09.2026 16:15:27";"-349,00";"RUB";"-349,00";"RUB";"Ок";"Различные товары";"";"5331";"Fix Price";"";"0,00";"-349,00";"0,00";"Да"
"общий";"*1724";"04.09.2026 16:12:47";"-468,00";"RUB";"-468,00";"RUB";"Ок";"Супермаркеты";"";"5422";"IP Korniyenko Igor";"";"0,00";"-468,00";"0,00";"Да"
"общий";"*8576";"04.09.2026 16:10:14";"-130,00";"RUB";"-130,00";"RUB";"Ок";"Переводы";"";"";"Кимматхон М.";"";"0,00";"-130,00";"0,00";"Да"
"daily";"*8586";"04.09.2026 15:37:53";"229743,72";"RUB";"229743,72";"RUB";"Ок";"Зарплата";"";"";"Пополнение. Начисление зарплаты. ООО ""ВБ ТЕХ""";"";"0,00";"229743,72";"0,00";"Да"
"общий";"*1724";"04.09.2026 14:58:10";"-90,00";"RUB";"-90,00";"RUB";"Ок";"Самокаты";"";"3990";"Самокаты - Яндекс Go";"";"0,00";"-90,00";"0,00";"Да"
"общий";"*1724";"04.09.2026 14:17:07";"-88,00";"RUB";"-88,00";"RUB";"Ок";"Самокаты";"";"3990";"Самокаты - Яндекс Go";"";"0,00";"-88,00";"0,00";"Да"
"общий";"*1724";"03.09.2026 19:59:10";"-1248,91";"RUB";"-1248,91";"RUB";"Ок";"Супермаркеты";"";"5411";"ВкусВилл";"";"0,00";"-1248,91";"0,00";"Да"
"общий";"*1724";"03.09.2026 19:23:09";"-329,98";"RUB";"-329,98";"RUB";"Ок";"Супермаркеты";"";"5411";"Магнолия";"";"0,00";"-329,98";"0,00";"Да"
"общий";"*1724";"03.09.2026 17:04:08";"-160,00";"RUB";"-160,00";"RUB";"Ок";"Супермаркеты";"";"5411";"ВкусВилл";"";"0,00";"-160,00";"0,00";"Да"
"общий";"*1724";"03.09.2026 16:15:46";"-140,00";"RUB";"-140,00";"RUB";"Ок";"Фастфуд";"";"5814";"Pe Edilov Anzor Isaevi";"";"0,00";"-140,00";"0,00";"Да"
"общий";"*1724";"03.09.2026 16:13:05";"25000,00";"RUB";"25000,00";"RUB";"Ок";"Пополнения";"";"";"Внесение наличных через банкомат Т-Банка";"";"0,00";"25000,00";"0,00";"Да"
"общий";"*8576";"03.09.2026 16:13:01";"-4053,02";"RUB";"-4053,02";"RUB";"Ок";"Супермаркеты";"";"5411";"Перекрёсток доставка";"";"0,00";"-4053,02";"0,00";"Да"
"общий";"*8576";"03.09.2026 15:51:21";"1,00";"RUB";"1,00";"RUB";"Ок";"Супермаркеты";"";"5411";"Перекрёсток доставка";"";"0,00";"1,00";"0,00";"Нет"
"общий";"*8576";"03.09.2026 15:51:15";"-1,00";"RUB";"-1,00";"RUB";"Ок";"Супермаркеты";"";"5411";"Перекрёсток доставка";"";"0,00";"-1,00";"0,00";"Нет"
"общий";"*8576";"02.09.2026 19:37:17";"-576,00";"RUB";"-576,00";"RUB";"Ок";"Фастфуд";"";"5814";"Табачная лавка";"";"0,00";"-576,00";"0,00";"Да"
"общий";"*8576";"02.09.2026 19:36:11";"-793,80";"RUB";"-793,80";"RUB";"Ок";"Супермаркеты";"";"5411";"ВкусВилл";"";"0,00";"-793,80";"0,00";"Да"
"общий";"*8576";"02.09.2026 19:31:03";"-1200,00";"RUB";"-1200,00";"RUB";"Ок";"Переводы";"";"";"Кахрамон М.";"";"0,00";"-1200,00";"0,00";"Да"
"общий";"*8576";"02.09.2026 19:27:53";"-872,50";"RUB";"-872,50";"RUB";"Ок";"Различные товары";"";"5331";"Fix Price";"";"0,00";"-872,50";"0,00";"Да"
"общий";"";"02.09.2026 18:36:20";"-500,00";"RUB";"-500,00";"RUB";"Ок";"Госуслуги";"";"8299";"Госуслуги Москвы";"";"0,00";"-500,00";"0,00";"Да"
"общий";"*8576";"02.09.2026 16:39:58";"-3111,00";"RUB";"-3111,00";"RUB";"Ок";"Сервис";"";"3990";"Яндекс Доставка";"";"0,00";"-3111,00";"0,00";"Да"
"daily";"";"02.09.2026 16:30:43";"2000,00";"RUB";"2000,00";"RUB";"Ок";"Переводы";"";"";"Светлана Ш.";"";"0,00";"2000,00";"0,00";"Да"
"daily";"*8586";"02.09.2026 16:25:10";"-16800,00";"RUB";"-16800,00";"RUB";"Ок";"Переводы";"";"";"Себе в другой банк";"";"0,00";"-16800,00";"0,00";"Да"
"daily";"*8586";"02.09.2026 16:24:52";"16800,00";"RUB";"16800,00";"RUB";"Ок";"Переводы";"";"";"Вывод с брокерского счета";"";"0,00";"16800,00";"0,00";"Нет"
"общий";"*8576";"02.09.2026 16:24:23";"19896,00";"RUB";"19896,00";"RUB";"Ок";"Переводы";"";"";"Вывод с Инвесткопилки";"";"0,00";"19896,00";"0,00";"Нет"
"общий";"*1724";"02.09.2026 16:15:59";"-100,00";"RUB";"-100,00";"RUB";"Ок";"Самокаты";"";"3990";"Самокаты - Яндекс Go";"";"0,00";"-100,00";"0,00";"Да"
"общий";"*1724";"02.09.2026 14:17:41";"-93,00";"RUB";"-93,00";"RUB";"Ок";"Самокаты";"";"3990";"Самокаты - Яндекс Go";"";"0,00";"-93,00";"0,00";"Да"
"общий";"*1724";"02.09.2026 13:05:27";"-505,00";"RUB";"-505,00";"RUB";"Ок";"Фастфуд";"";"5814";"Surf Coffee";"";"0,00";"-505,00";"0,00";"Да"
"общий";"*8576";"02.09.2026 13:02:55";"-5500,00";"RUB";"-5500,00";"RUB";"Ок";"Переводы";"";"";"ИП Холин Сергей Михайлович";"";"0,00";"-5500,00";"0,00";"Да"
"общий";"*1724";"02.09.2026 11:19:55";"-576,00";"RUB";"-576,00";"RUB";"Ок";"Фастфуд";"";"5814";"Табачная лавка";"";"0,00";"-576,00";"0,00";"Да"
"общий";"*8576";"02.09.2026 11:09:40";"-660,00";"RUB";"-660,00";"RUB";"Ок";"Мобильная связь";"";"4814";"МТС";"";"0,00";"-660,00";"0,00";"Да"
"общий";"*1724";"02.09.2026 01:40:05";"-83,00";"RUB";"-83,00";"RUB";"Ок";"Местный транспорт";"";"4111";"Московский метрополитен";"";"0,00";"-83,00";"0,00";"Да"
"общий";"*1724";"02.09.2026 01:00:41";"-48,00";"RUB";"-48,00";"RUB";"Ок";"Самокаты";"";"3990";"Самокаты - Яндекс Go";"";"0,00";"-48,00";"0,00";"Да"
"общий";"*1724";"02.09.2026 01:00:29";"-68,00";"RUB";"-68,00";"RUB";"Ок";"Самокаты";"";"3990";"Самокаты - Яндекс Go";"";"0,00";"-68,00";"0,00";"Да"
"общий";"*1724";"02.09.2026 00:58:31";"-19,00";"RUB";"-19,00";"RUB";"Ок";"Самокаты";"";"3990";"Самокаты - Яндекс Go";"";"0,00";"-19,00";"0,00";"Да"
"общий";"*1724";"01.09.2026 22:43:45";"-259,00";"RUB";"-259,00";"RUB";"Ок";"Супермаркеты";"";"5411";"КуулКлевер";"";"0,00";"-259,00";"0,00";"Да"
"общий";"*1724";"01.09.2026 22:38:39";"-298,00";"RUB";"-298,00";"RUB";"Ок";"Супермаркеты";"";"5411";"КуулКлевер";"";"0,00";"-298,00";"0,00";"Да"
"общий";"*1724";"01.09.2026 22:37:50";"-1250,00";"RUB";"-1250,00";"RUB";"Ок";"Супермаркеты";"";"5411";"КуулКлевер";"";"0,00";"-1250,00";"0,00";"Да"
"общий";"*8576";"01.09.2026 18:00:44";"-83,00";"RUB";"-83,00";"RUB";"Ок";"Местный транспорт";"";"4111";"Московский метрополитен";"";"0,00";"-83,00";"0,00";"Да"
"общий";"*1724";"01.09.2026 17:17:09";"-1250,00";"RUB";"-1250,00";"RUB";"Ок";"Супермаркеты";"";"5411";"КуулКлевер";"";"0,00";"-1250,00";"250,00";"Да"
"общий";"*1724";"01.09.2026 16:49:29";"-54,00";"RUB";"-54,00";"RUB";"Ок";"Самокаты";"";"3990";"Самокаты - Яндекс Go";"";"0,00";"-54,00";"0,00";"Да"
"общий";"*1724";"01.09.2026 14:13:45";"-300,00";"RUB";"-300,00";"RUB";"Ок";"Фастфуд";"";"5814";"Surf Coffee";"";"0,00";"-300,00";"0,00";"Да"
"общий";"*1724";"01.09.2026 13:39:52";"-46,00";"RUB";"-46,00";"RUB";"Ок";"Супермаркеты";"";"5411";"ВкусВилл";"";"0,00";"-46,00";"0,00";"Да"
"общий";"*1724";"01.09.2026 13:38:29";"-864,00";"RUB";"-864,00";"RUB";"Ок";"Супермаркеты";"Табак";"5499";"IP Vyazovskij V.N.";"";"0,00";"-864,00";"0,00";"Да"
"общий";"*8576";"01.09.2026 10:09:51";"-3859,00";"RUB";"-3859,00";"RUB";"Ок";"Различные услуги";"";"7277";"Ясно";"";"0,00";"-3859,00";"0,00";"Да"
"общий";"*8576";"01.09.2026 09:51:38";"-83,00";"RUB";"-83,00";"RUB";"Ок";"Местный транспорт";"";"4111";"Московский метрополитен";"";"0,00";"-83,00";"0,00";"Да"
"общий";"*1724";"01.09.2026 08:55:18";"-615,00";"RUB";"-615,00";"RUB";"Ок";"Фастфуд";"";"5814";"Братья Караваевы";"";"0,00";"-615,00";"0,00";"Да"
"общий";"*1724";"01.09.2026 08:31:04";"-83,00";"RUB";"-83,00";"RUB";"Ок";"Местный транспорт";"";"4111";"Московский метрополитен";"";"0,00";"-83,00";"0,00";"Да"
"общий";"*1724";"01.09.2026 08:28:56";"-925,00";"RUB";"-925,00";"RUB";"Ок";"Фастфуд";"";"5814";"Surf Coffee";"";"0,00";"-925,00";"0,00";"Да"
"общий";"*1724";"01.09.2026 07:45:37";"-1500,00";"RUB";"-1500,00";"RUB";"Ок";"Цветы";"";"5992";"7 Cvetov";"";"0,00";"-1500,00";"0,00";"Да"
